artist,song_name,popularity,danceability,energy,key,loudness,mode,speechiness,acousticness,instrumentalness,liveness,valence,tempo,pca1,pca2
Rick Astley,Never Gonna Give You Up,=,=,=,=,=,=,=,=,=,=,=,=,7.413049832928972,10.100693980733343
Lynyrd Skynyrd,Sweet Home Alabama,--,=,=,=,--,=,-,=,++,=,=,=,5.3926274922397015,-16.556387286698524
Lynyrd Skynyrd,Sweet Home Alabama,--,=,=,=,--,=,-,=,++,=,=,=,4.764682149020571,-17.334641566851275
moe.,Blond Hair And Blue Eyes,-,=,=,=,--,=,-,--,++,=,-,=,6.695056570023544,-12.464967354979208
Linda Eder,Never Dance,--,=,=,=,--,=,=,+,--,+,=,=,-8.111282315791831,-8.210014098647395
The Corrs,Somebody for Someone,=,=,=,=,--,=,=,=,++,+,=,=,17.441974441450814,-1.865074073588675
Toby Keith,Too Far This Time,=,=,=,=,--,=,=,-,=,+,=,=,17.463377264407033,-1.8825302749478454
Big D and the Kids Table,"Stop, Look & Listen (Shake Life Up)",-,=,=,=,--,=,=,=,++,-,=,=,7.061113558826822,-11.474953135876623
Pressure,Money Honey,-,=,=,=,--,=,=,--,++,=,-,=,11.413042026502682,-7.277794074533084
James Morrison,Right Here,=,=,=,=,--,=,=,=,--,=,-,=,21.62632749129029,6.326093145187991
Belinda Carlisle,Love Revolution,--,=,=,=,--,=,=,++,+,-,=,=,-18.921606227253697,-0.7560572199413284
Slum Village,Conant Gardens - Bonus,--,=,=,=,--,=,++,-,--,=,=,=,2.185853829263169,-19.107431523346825
Gloria Estefan,So Good,--,=,=,=,--,=,++,=,--,=,=,=,6.272688122578171,-17.2678537002269
Wiz Khalifa,"Y U Mad (feat. Megan Thee Stallion, Ty Dolla $ign & Mustard)",=,=,-,=,--,=,=,=,--,=,-,=,15.116437604566983,-6.4141669675194635
Ultravox,Rise,--,=,=,=,--,=,++,-,++,=,=,=,-18.841723024799435,1.7515990141955378
La Arrolladora Banda El Limón De Rene Camacho,Se Me Canso El Corazon,++,=,=,=,--,=,-,=,--,-,=,=,26.82962919656301,31.6953824314531
Helloween,Future World,++,-,=,=,--,=,+,--,--,=,-,=,33.8712145694554,18.28643039524568
Palaye Royale,Hang on to Yourself,++,=,=,=,--,=,=,--,++,=,-,=,35.015474586214495,21.22002358812976
Straight No Chaser,Up on the Housetop,--,=,=,=,--,=,=,-,++,-,-,=,1.1115404045832202,-22.095982445233297
Suga Free,Peace of Mind (feat. Debra Edwards & Cody Elles),--,=,=,=,--,=,++,=,--,=,=,=,-6.916444639264648,-6.604307264824043
Warrant,Uncle Tom's Cabin,--,=,=,=,--,=,++,--,++,-,-,=,1.6158297344250756,-17.360087087377785
James Morrison,Right Here,-,=,=,=,--,=,=,=,--,=,-,=,11.570136978183546,-6.118621575222077
Buck-O-Nine,She's Fat,--,=,=,=,--,=,+,--,++,++,=,=,-16.45790843846253,-1.4624415180344115
Gary Allan,Hangover Tonight,+,=,=,=,--,=,=,--,--,=,=,=,22.50283378779228,10.760956880840654
Kylie Minogue,Time Will Pass You By - Paul Masterson Mix,--,=,=,=,--,=,=,--,++,=,-,=,-21.070315147235636,-1.5899948717395747
half•alive,arrow,++,=,-,=,--,=,++,--,++,=,=,=,36.672575960945515,25.023831987266174
Paulina Rubio,El Ultimo Adios,=,-,=,=,--,=,+,--,--,=,-,=,-8.840353363469355,12.954934491204055
The Band,Don’t Do it - Live At The Academy Of Music / 1971 / Soundboard Mix,-,=,=,=,--,=,++,++,++,+,-,=,8.496630045905448,-8.778070655423413
David Bowie,Rebel Rebel - 1999 Remaster,--,=,=,=,--,=,=,--,--,++,=,=,-21.013081268533085,-4.208842197763226
Keith Urban,God's Been Good To Me,+,=,=,=,--,=,=,-,-,=,=,=,27.541666095056918,10.544156261198198
Marianne Faithfull,The Price Of Love,--,=,=,=,--,=,=,=,++,+,=,=,-19.664631619125288,-4.013018795262091
Marianne Faithfull,The Price of Love,--,=,=,=,--,=,=,=,++,+,=,=,-20.282820229612057,-4.799236831738484
Big Star,Jesus Christ,-,=,=,=,--,=,-,=,++,++,=,=,10.032458453749094,-4.87593774209179
The Cars,Let's Go - 2016 Remaster,-,=,=,=,--,=,=,--,++,-,-,=,-13.677644645526884,2.7202256054384746
Roxy Music,The Bogus Man - Live,+,=,=,=,--,=,=,=,++,-,=,=,15.059848333406473,19.350017535734327
half•alive,arrow,+,=,-,=,--,=,++,--,++,=,=,=,27.866295468842416,14.140457166196956
The Kinks,Acute Schizophrenia Paranoia Blues,--,=,=,=,--,=,=,-,=,++,=,=,6.88048259992577,-15.187178160698661
Wang Chung,Everybody Have Fun Tonight,--,=,=,=,--,=,=,--,++,=,-,=,-23.650863267151916,-2.075253369551883
Little Texas,Long Way Down,--,=,=,=,--,=,=,-,--,=,=,=,-27.188847278789343,8.499701631028636
Little Texas,Long Way Down,--,=,=,=,--,=,=,-,--,=,=,=,-27.8222121171291,7.725829560373112
Kenny Lynch,Misery,--,=,=,=,--,=,=,--,--,-,=,=,-23.28830961945978,-2.368646561571435
Bryan Adams,Not Guilty,=,=,=,=,--,=,=,-,--,=,-,=,-6.346793245781644,9.652459017688152
Talk Show,End of the World,--,=,=,=,--,=,=,=,-,=,=,=,-32.366110035879565,6.256253685233785
Train,Shake Up Christmas - Xmas Anthem,-,=,=,=,--,=,=,--,--,++,=,=,10.184421123069402,-7.570935932152777
Talk Show,Behind,--,=,=,=,--,=,=,=,-,=,=,=,-32.997152226423445,5.48050352092578
The Searchers,Money (That's What I Want) - Mono,--,=,=,=,--,=,=,--,++,-,=,=,-13.75205068437592,1.4937780018524374
Ricky Skaggs,This World Is Not My Home,-,=,=,=,--,=,=,=,++,+,=,=,-15.973744771809065,7.148432332207143
Foghat,Live Now - Pay Later - 2016 Remaster,--,=,=,=,--,=,=,--,++,--,=,=,-19.226767358990138,-0.5089233141231796
The Who,The Dirty Jobs,=,-,=,=,--,=,++,+,++,=,--,=,-7.423332258806013,10.523178527376992
Third Eye Blind,One of Those Christmas Days,--,=,=,=,--,=,=,--,--,=,=,=,-2.0125200434807717,-19.570391772324793
Third Eye Blind,Semi-Charmed Life,--,=,=,=,--,=,=,--,--,=,=,=,-1.3837979432693297,-18.79276431645604
Ely Bruna,Just the Two of Us,--,=,=,=,--,=,++,+,+,=,-,=,2.6893191932148204,-23.372400648276866
Gwen Stefani,Misery - Lincoln Jesser Remix,-,=,-,=,--,=,=,--,--,=,-,=,12.167123309877331,-9.173087443286674
Sen Morimoto,Jupiter,--,=,=,=,--,=,++,--,--,+,=,=,-22.307052688340292,-3.1624410262689406
K.A.A.N.,Bottom,-,=,=,=,--,=,=,=,--,=,=,=,1.927507824397785,-3.4673137834941015
Danger Danger,Walk It Like Ya Talk It (feat. Paul Laine),--,=,=,=,--,=,+,--,--,++,-,=,3.6913448515517193,-19.03867728865232
Jazztronik,Humming Bird,--,=,=,=,--,=,+,=,-,=,=,=,-0.2601758839507801,-15.843087223069832
Sir-G,Escape - Radio Mix,--,=,=,=,--,=,=,--,++,++,=,=,-19.175663254741266,0.7358973168532783
Tommy James & The Shondells,Moses & Me,-,=,=,=,--,=,=,++,++,++,=,=,-23.072662032481173,15.459731888830326
Dio,In Dreams,=,=,=,=,--,=,-,--,--,=,-,=,32.14712774168943,-6.0377788737133695
George Baker Selection,Little Green Bag,--,=,=,=,--,=,=,--,=,=,=,=,0.02181027024820045,-14.785445222081929
Jerrod Niemann,I Ain't Lonely Alone,-,=,=,=,--,=,=,=,--,-,=,=,-13.047066399116508,3.4963875055975886
Billy Preston,Lonely No More,--,=,=,=,--,=,=,--,++,-,=,=,2.394736146423116,-20.561883381937058
Paulina Rubio,El Ultimo Adios,--,-,=,=,--,=,+,--,-,=,-,=,-16.403512644672016,3.638321588301666
Carole King,Crazy,--,=,=,=,--,=,-,+,=,++,=,=,-18.448690802771416,0.14754787839199116
Michael Bolton,Let's Make A Long Story Longer,-,=,=,=,--,=,++,=,--,-,-,=,8.67512455108185,-14.066343871038587
The Kooks,Westside - The Nextmen Remix,=,=,=,=,--,=,=,-,++,=,=,=,-3.2922583973244355,18.757079165780603
Arrested Development,Mr. Wendal,--,=,=,=,--,=,++,=,++,=,=,=,-6.391743212093461,-12.172778988502092
Paulina Rubio,Enamorada,--,-,=,=,--,=,+,--,--,=,=,=,-20.162319293178076,-1.038389516177044
Rachael Yamagata,I Want You,+,=,=,=,--,=,=,--,++,=,-,=,3.150642499612386,31.551704883430723
Jamie T,Sheila,--,=,=,=,--,=,=,-,--,=,=,=,4.709867286689619,-22.43438291622636
Five For Fighting,Stand Up,=,=,=,=,--,=,-,--,--,=,-,=,15.080934862113205,-2.527395205353435
Alice In Chains,I Stay Away,-,--,=,=,--,=,=,-,++,=,-,=,24.13928934707813,-17.56713130770862
Prabhtoj Singh,Lovesick Puppy,=,=,=,=,--,=,++,--,--,++,=,=,13.254248768412438,-2.3368803052269618
Trey Songz,Without a Woman,--,=,=,=,--,=,++,--,--,=,-,=,-7.796537503178405,-4.605633314511827
Alice In Chains,I Stay Away,=,--,=,=,--,=,=,-,++,=,-,=,31.71721603664654,-8.262547556824885
George Thorogood & The Destroyers,Down In The Bottom,=,=,=,=,--,=,=,--,++,=,-,=,-3.1665864868658855,13.510740342723306
Pam Tillis,Shake The Sugar Tree (Live),--,=,=,=,--,=,+,=,--,+,=,=,-6.589533054709651,-14.584894374318246
Jamie T,Sheila,--,=,=,=,--,=,=,-,--,=,=,=,4.71400221241822,-22.437789054993843
Suga Free,Game On My Mind,--,=,=,=,--,=,++,--,--,=,-,=,4.084682240194545,-16.783974252421174
Jamie T,Sheila,--,=,=,=,--,=,=,-,--,-,=,=,3.459538592610956,-23.99539183635748
America,One Chance,-,=,-,=,--,=,-,=,-,=,-,=,1.800517212151342,-2.077851191319114
Queen,Seven Seas Of Rhye - Live at Wembley '86,++,-,=,=,--,=,+,=,--,=,-,=,23.354097784382677,24.218287511226045
The Muffs,Baby Go Round,--,-,=,=,--,=,=,=,--,=,-,=,-31.206934954663073,4.033510428791009
Queen,My Baby Does Me - Remastered 2011,-,=,=,=,--,=,-,--,++,+,-,=,6.770306200852225,-8.667495221122111
The Mighty Mighty Bosstones,Almost Anything Goes,-,-,=,=,--,=,++,=,-,-,-,=,-22.087722136174996,15.949574278814183
The Movement,Diamond (feat. Jacob Hemphill of SOJA),++,=,=,=,--,=,=,+,--,=,=,=,38.2952994812844,21.139445708957098
El Avance,Cielo y Estrellas,=,=,=,=,--,=,=,+,++,++,=,=,16.026604220001676,-2.0069838815334355
Travis Tritt,Whiskey Ain't Workin' (Live) [feat. Marty Stuart],--,=,=,=,--,=,=,--,++,=,=,=,-20.749622974840637,3.294182261471249
Billy Preston,Lonely No More,--,=,=,=,--,=,=,--,++,-,=,=,1.1449478675970446,-22.123340509364713
Long Beach Dub Allstars,Rosarito,+,=,=,=,--,=,++,=,++,=,=,=,24.44299115354572,14.336342431577506
Fabolous,Ground Up,--,=,=,=,--,=,++,--,++,-,=,=,11.369945103587323,-29.105128396396257
The Internet,They Say (feat. Tay Walker),++,=,=,=,--,=,+,++,++,+,-,=,32.56008089932051,16.775035065365284
Earl Scruggs,Everybody's Talkin,--,-,=,=,--,=,=,=,++,++,=,=,0.40701768464591154,-21.527424391483283
The Vogues,Easy to Say,=,=,=,=,--,=,=,++,--,++,=,=,-8.811535510458555,11.645423249675215
Missy Elliott,Play That Beat,--,=,=,=,--,--,++,-,++,-,=,=,1.6860663685239898,-19.9892700596414
The Searchers,Needles and Pins,--,-,=,=,--,=,+,++,--,=,=,=,-18.50674620889039,-4.949609047792991
Clint Black,Loosen Up My Strings,-,=,=,=,--,=,=,--,++,-,=,=,-12.533076074253586,5.652377434741803
Ovi,Vengo De Nada,--,=,=,=,--,=,=,++,--,=,=,=,0.5430861984420844,-19.06493868851385
"Earth, Wind & Fire",September,=,=,=,=,--,=,=,=,++,+,=,=,-0.59665395925014,20.434690929866886
Clay Walker,Mexico,-,=,=,=,--,=,=,=,--,++,=,=,14.612294331748938,-8.579574631216953
The Sugarhill Gang,Funk You up (Long Version),--,=,=,=,--,=,+,--,--,=,=,=,-9.94775024266589,-11.869185082835065
Average White Band,Kiss Me - LP / Single Version,--,=,=,=,--,=,=,-,+,=,=,=,-27.516522596996587,8.764673037429544
Ultravox,Remembering,-,=,=,=,--,=,++,-,++,++,-,=,-14.36696202197887,7.135491605168248
JR JR,War Zone,=,=,=,=,--,=,=,=,++,=,=,=,6.815856771186839,4.154301445321859
Dio,Cold Feet,-,=,=,=,--,=,=,--,-,=,=,=,9.759660793727098,-4.655118412329683
Steely Dan,Charlie Freak,=,=,-,=,--,=,=,=,++,=,=,=,-9.038078421072374,32.40412713311298
Billy Ocean,Love Zone,=,=,=,=,--,=,+,+,=,=,=,=,25.432439321217995,3.2476373658440285
Tom Tom Club,Genius of Love,--,=,=,=,--,=,++,=,-,-,=,=,-2.8056123406990676,-18.92912132385425
Tom The Mail Man,Entertainment,--,=,=,=,--,=,++,=,-,-,=,=,-2.177667285107541,-18.15086660967926
Trey Anastasio,Pigtail,--,=,=,=,--,=,=,++,++,=,=,=,-0.8853825380702636,-20.48200314997361
Trey Anastasio,"Pigtail (Live, 11/3/2017)",-,=,=,=,--,=,=,++,++,=,=,=,9.174129647170686,-8.039951157181454
MØ,The Sea,-,=,=,=,--,=,=,++,++,-,=,=,10.575480321223612,-10.458859958899831
Underworld,Born Slippy (Nuxx),-,=,=,=,--,=,=,--,++,=,-,=,-23.65905545869942,15.934090175490594
Whitey Morgan and the 78's,Fiddler's Inn,=,=,=,=,--,=,-,--,++,++,=,=,16.4711925399711,-6.223847009981039
Michelle Branch,You’re Good,=,=,=,=,--,=,=,-,++,=,-,=,15.729827521421731,-5.624186933784447
Insolence,Antiserum,--,=,=,=,--,=,++,--,=,=,=,=,5.921490575871796,-20.84204386727693
The Slits,Face Place,-,=,-,=,--,=,=,--,--,=,=,=,-11.969860489400583,9.055407516677082
Billy Lee Riley,Blue Collar Blues,--,=,=,=,--,=,=,=,-,=,=,=,-23.38875528591247,-2.287161644096151
Collin Raye,Don't Tell Me You're Not In Love,--,=,-,=,--,=,-,++,--,=,=,=,5.648375973800543,-15.476519723146597
Workout Music ,Stitches (Running Mix),--,=,=,=,--,=,++,=,++,++,-,=,9.373785698881306,-28.776404970092663
Poison,Nothin' But A Good Time - Remastered 2006,-,=,=,=,--,=,-,++,--,=,-,=,22.15292633367071,-19.81887498165311
Simple Minds,Kick It In - Edit,-,=,=,=,--,=,=,--,++,=,-,=,-17.072412021433973,6.75182946733255
Soul For Real,Every Little Thing I Do (Re-Recorded),--,=,=,=,--,=,++,-,--,-,=,=,-0.5402285656740823,-19.47473170492314
Melissa Etheridge,Memphis Train,=,=,=,=,--,=,=,--,--,=,-,=,2.7379253111531923,7.451908595370935
Stevie Wonder,Weakness,--,=,=,=,--,=,=,+,--,=,=,=,13.739808105501899,-32.306645377123644
Stevie Wonder,We Can Work It Out,--,=,=,=,--,=,=,+,--,=,=,=,13.734380525851652,-32.302263320471496
Nicki Minaj,Starships - Edit,-,=,=,=,--,=,++,--,++,=,=,=,11.513920056188717,-6.074039738713713
Mötley Crüe,Anybody Out There?,=,-,=,=,--,=,+,--,++,=,--,=,11.520204972076582,-4.792344708972971
George Michael,Cars and Trains,=,=,-,=,--,=,=,-,++,=,-,=,11.858593825311806,10.365469929477142
Japan,Gentlemen Take Polaroids - Remastered 2003,=,=,=,=,--,=,=,++,++,+,=,=,3.0914569163300456,22.596819890972853
Ted Nugent,"Baby, Please Don't Go - Live at Taylor County Coliseum, Abilene, TX - November 1977",-,=,=,=,--,=,+,--,++,=,=,=,-13.865098553739372,4.157601543291716
X Ambassadors,Nervous,--,=,=,=,--,=,++,--,--,++,-,=,3.7014466507860817,-12.615942851611432
The Pointer Sisters,All I Know Is the Way I Feel,-,=,=,=,--,=,=,-,++,-,=,=,-4.1379056520778805,4.009042207004128
Euge Groove,Another Sad Love Song,-,=,=,=,--,=,=,=,++,=,-,=,12.104180895211924,-11.694714112134998
Doc Robinson,Wild Beauty,-,=,=,=,--,=,=,=,++,+,=,=,-26.901236987419455,19.84183631576509
Rainbow,Love's No Friend (Live),=,=,=,=,--,=,=,=,--,=,-,=,9.879749397533823,-3.4660280093059783
Robert Gordon,There You Go,--,=,=,=,--,=,=,-,++,=,-,=,-16.904367474568247,-4.958593547540273
Carpenters,Please Mr. Postman,--,=,=,=,--,=,=,-,--,=,=,=,-21.483482391859177,5.173849497972558
G-DRAGON,THE LEADERS,-,=,=,=,--,=,++,--,--,=,-,=,11.187092999080946,-9.667278764391707
Paulina Rubio,El Ultimo Adios,-,-,=,=,--,=,+,--,--,=,=,=,-15.136474353593014,5.185684416379141
Wire,Morning Bell,--,=,=,=,--,=,=,--,++,++,=,=,4.120365833951328,-20.671945219837728
Joe Cocker,Walk Through The World With Me,-,=,=,=,--,=,=,--,++,=,-,=,14.50377687857166,-20.063961120977392
Dio,In Dreams - 2019 - Remaster,-,-,=,=,--,=,=,-,--,=,-,=,23.38109098004129,-16.953983775380898
Billy Ocean,Love Zone,--,=,=,=,--,=,+,+,++,=,=,=,7.1917951467435515,-19.297284858596587
Big Mountain,Love Is On the Way,--,=,-,=,--,=,=,+,--,-,=,=,-22.950177583206358,-1.3557373156425863
Buck Owens,41st Street Lonely Hearts' Club,--,=,=,=,--,=,=,++,--,-,=,=,4.33440368744751,-19.558555529387956
Yusuf / Cat Stevens,The Devil Came from Kansas,--,=,=,=,--,=,=,=,-,=,=,=,3.784177590488373,-21.685565854758607
Luca Brunetti,Tropical Swing,--,=,=,=,--,=,=,=,++,++,-,=,6.586566856617415,-20.093498903769817
Taylor Swift,...Ready For It?,++,=,=,=,--,=,=,--,++,=,=,=,34.1778801796124,28.327061409892092
George Harrison,I Really Love You - Remastered 2004,=,=,=,=,--,=,=,=,++,-,=,=,-7.246912058488064,12.952161362905779
Del Shannon,Needles and Pins,=,=,=,=,--,=,=,-,++,=,=,=,-6.94983116130656,17.85621881015615
"The Broadway Cast Of ""The Boy From Oz""","Wrapped up Nice (feat. Hugh Jackman, Stephanie J. Block, Tim Fitz Gerald, Isabel Keating & Beth Fowler)",--,=,=,=,--,=,=,++,--,++,=,=,-22.32870842511103,-3.144688459517236
The Maine,Everything I Ask For,-,-,=,=,--,=,=,--,--,=,--,=,-9.948886294497266,6.135885221341581
Faith No More,I Won't Forget You - 2016 Remaster,=,=,=,=,--,=,=,--,++,=,--,=,10.340009027126651,-2.5517473445506567
Bad Company,Sweet Lil' Sister - 2017 Remaster,=,=,=,=,--,=,=,-,--,=,=,=,-8.252653581469598,20.195323757766303
Randolph's Grin,Orange - Subtraction: Architect Remix,--,=,=,=,--,=,=,--,++,+,-,=,-19.967859640955954,-5.0537018203898585
The Who,I Am The Sea - Live In London / 2013,-,-,=,=,--,=,++,--,--,++,-,=,-13.789943138495335,10.52701800683502
Suga Free,S.G.V.,--,=,=,=,--,=,++,--,--,=,=,=,2.107771996331253,-17.758346678660857
Limp Bizkit,Crushed - Album Version (Edited),--,=,-,=,--,=,++,-,++,-,=,=,3.299520355068192,-22.57968678141993
Taylor Swift,...Ready For It? - Karaoke Version,+,=,=,=,--,=,=,--,++,-,=,=,24.745374469416014,16.6640133661876
CAN,Pauper's Daughter And I,--,=,-,=,--,=,++,++,++,=,=,=,-20.12473947712069,4.075521114143912
Taylor Swift,…Ready For It? - Commentary,++,=,=,=,--,=,=,--,++,-,=,=,40.48057499301731,36.09082577612996
Tegan and Sara,Hype,=,=,-,=,--,=,=,--,++,-,-,=,-8.466472549106884,13.939524396827377
Duran Duran,Late Bar - Manchester Square Demo,-,=,=,=,--,--,=,--,++,=,-,=,-11.435175003147666,9.909228238447842
Metallica,Hero Of The Day,++,-,=,=,--,=,=,--,++,=,=,=,17.87582796568967,27.361129704278312
Jay & The Techniques,"Apples, Peaches, Pumpkin Pie",--,=,=,=,--,=,=,++,--,=,=,=,-30.032927097309855,5.655583057921035
Elton John,Little Jeannie,-,=,-,=,--,=,-,++,--,=,=,=,-26.047824671761052,17.866039725395588
Frankie Ruiz,Tú Con Él,--,=,=,=,--,=,=,+,++,+,=,=,3.711186947796083,-22.913115819977946
Nicki Minaj,Starships - Edit,-,=,=,=,--,=,++,--,++,=,=,=,10.273028649930787,-7.642692682351947
Little Texas,God Blessed Texas,=,=,=,=,--,=,+,++,=,++,=,=,-7.188098340045444,16.762711198712783
The Cowsills,The Cruel War - Live,--,=,=,=,--,=,=,+,++,=,=,=,-28.950828843742475,3.494471871846849
Dirty Heads,Burn By Myself,=,=,=,=,--,=,-,-,+,=,=,=,23.745441611025225,5.897941583425717
Bob Marley & The Wailers,Buffalo Soldier - Edit Version,=,=,-,=,--,=,++,=,--,=,=,=,3.1680180215922507,22.53527121034104
Lara Fabian,I Will Love Again,++,=,=,=,--,--,=,--,--,=,-,=,9.92830073377502,35.07341456358968
Foxy,Get Off - Remastered,+,=,-,=,--,=,++,--,++,-,=,=,3.8169875089628604,33.584527699584555
The Turtles,Let Me Be - Remastered,--,=,-,=,--,=,=,--,--,++,=,=,-18.73415062228327,5.523297076457747
Foreign Air,Echo,-,=,=,=,--,=,=,--,++,=,-,=,9.330526445499913,-5.593663482496774
Jewel T,Rock Nice,--,=,=,=,--,=,++,--,--,--,-,=,-2.16333962409617,-19.44856564070625
Common,The Light,-,=,-,=,--,=,++,-,--,=,=,=,10.058420355895672,-12.61258666759368
Little Big Town,Love Profound,-,=,-,=,--,=,=,++,++,=,=,=,-26.646798762374793,17.064578515640886
James Blunt,1973,++,=,=,=,--,=,-,-,++,=,=,=,24.32254757220417,46.58195039593556
Eddie Money,When I Come Around,--,=,=,=,--,=,+,-,--,=,--,=,4.1084555566027765,-16.803040685661472
Lucho Castellanos y su Grupo,La cumbia barulera,--,=,=,=,--,=,=,-,--,=,=,=,-0.2596698656143645,-20.98777029710241
Classified,Grand Slam,--,=,=,=,--,=,++,++,--,=,-,=,6.784565199763956,-15.109687520993116
David Lee Roth,Experience - 2007 Remaster,=,=,=,=,--,=,=,=,++,=,-,=,5.121908857377947,0.3802427800781182
Michael Bublé,Someday (feat. Meghan Trainor),+,=,-,=,--,=,=,=,--,=,=,=,30.501236153548717,9.437628407149173
Bridgit Mendler,Diving (Vice Remix),=,=,=,=,--,--,++,=,++,-,-,=,27.856130905586234,-11.570244939989829
Mandrill,Believe in You,--,=,=,=,--,--,=,++,++,=,=,=,-19.4188652983667,-2.9254862767234853
A Cor Do Som,Assanhado,--,=,=,=,--,=,=,--,++,+,=,=,-23.633625828573248,0.48220803112782284
August Alsina,Don't Matter,-,=,-,=,--,=,++,=,--,--,-,=,-15.973498502112866,4.577294165764511
M People,Just For You,=,=,=,=,--,=,=,=,--,+,-,=,17.44393720666085,-1.8660102314596436
Sham 69,The Game,--,=,=,=,--,=,+,-,--,++,-,=,-23.058104158967172,0.01687496995916235
blackbear,me & ur ghost,++,=,-,=,--,=,-,-,--,=,=,=,36.65183360390434,25.040320365539266
Marilyn Manson,mOBSCENE,--,=,=,=,--,=,+,--,++,++,-,=,-20.789132209394513,2.0406667717638456
Ne-Yo,Jealous,=,=,-,=,--,=,=,-,--,-,-,=,18.562553083783907,1.087650997417888
Buck Owens,Ashes of Love,--,=,=,=,--,=,=,=,-,+,=,=,-12.105851853119551,-1.1231683404180894
Paul Carrack,"Georgia - Live at Royal Albert Hall, London, 2001",-,=,=,=,--,=,=,-,--,-,=,=,-12.349270574251605,4.217888878756906
Rancid,Farewell Lola Blue,=,=,=,=,--,=,=,--,--,+,=,=,-4.6981771442348945,18.607083464830357
Heaven 17,Penthouse And Pavement,--,=,=,=,--,--,+,--,--,-,=,=,-19.798415437347657,-0.04657207255115745
The Stranglers,Duchess,-,=,=,=,--,=,++,--,++,=,=,=,-15.384607224302592,11.816119406871756
FosseyTango,War Torn Streets (feat. Glen Matlock),--,-,=,=,--,=,+,-,--,+,-,=,-3.6239532719274754,-18.26696080874671
Funkadelic,Standing on the Verge of Getting It On,+,=,=,=,--,=,++,-,--,++,=,=,14.000506678792044,22.77880265696838
J-Love,Justice League,--,=,=,=,--,=,++,-,--,=,-,=,2.478501060313014,-23.201973035075497
The Dears,Raise The Dead,=,=,=,=,--,=,=,++,--,++,-,=,26.373454806287974,6.345829079563143
Ronan Keating,Little Thing Called Love - Single Mix,+,=,=,=,--,=,=,-,--,=,-,=,10.669512339018993,21.615162820234072
Ronan Keating,Lost For Words,++,=,=,=,--,=,=,-,--,=,-,=,16.3202484844509,28.620076766433645
The Who,Pinball Wizard - Live At Woodstock,=,-,=,=,--,--,+,-,--,=,=,=,-10.16895439281251,14.029655359457701
Richard Elliot,The Lower Road,+,=,=,=,--,=,=,++,--,--,=,=,37.09899100168476,6.675609645107537
Black Sabbath,Rock 'N' Roll Doctor - 2014 Remaster,=,-,=,=,--,=,+,++,++,++,-,=,-6.595732168592587,17.569751263693156
Foghat,"Slipped, Tripped, Fell In Love",--,=,=,=,--,--,=,--,++,++,=,=,-20.51629235573822,-2.0381671193267157
Skinny Puppy,Convulsion - Live,-,=,=,=,--,=,++,--,++,+,-,=,11.57055093078801,-13.835535030806124
Alabama,No Bad Days,--,=,=,=,--,=,-,++,++,=,-,=,-7.945307830056651,-10.915746102553234
The Outfield,Part Of Your Life,=,=,=,=,--,=,=,++,--,=,--,=,16.848985488152415,-2.6705135997373315
Roy Orbison,No Chain at All,=,=,-,=,--,=,=,=,-,-,=,=,-8.659054936067127,11.522545847126402
Method Man,Bring The Pain,--,=,-,=,--,=,++,+,++,=,--,=,0.6370148324159628,-16.567821297417957
Phil Vassar,Voice in My Head,-,=,-,=,--,=,-,-,--,=,--,=,10.57251511965325,-11.741457423428852
Everything Everything,The Actor,+,=,-,=,--,=,=,++,++,=,--,=,5.547650821219715,29.614137223936662
Visage,Aurora - Map Of Human Heart Extended Version,--,=,=,=,--,--,=,--,++,-,=,=,-20.26515913211391,-2.2413898211767123
Sam Cooke,All Right Now - Take 4/Alt.,++,=,=,=,--,=,=,++,--,=,=,=,16.089074400667144,36.52099588284188
Amber Dirks,Without You,--,=,=,=,--,--,=,--,++,--,=,=,-22.292933305784743,-3.1738411943874327
The Rubettes,Keep On Dancing,--,=,=,=,--,--,=,--,++,--,=,=,-22.292933305784743,-3.1738411943874327
Fleetwood Mac,Little Lies - Extended Version; 2017 Remaster,=,=,=,=,--,=,=,-,++,=,=,=,1.8737232531341343,22.294960871614794
Danger Danger,Walk It Like Ya Talk It (feat. Ted Poley),--,=,=,=,--,=,=,--,--,++,-,=,4.9589396237298855,-17.491697324611128
Fabolous,Brooklyn,-,=,=,=,--,=,++,--,--,=,=,=,8.893425330084465,-14.243395533183794
Dirty Heads,Hear You Coming,=,=,=,=,--,=,=,-,--,+,=,=,19.092320508849795,9.66064291401288
Kane Brown,Lost in the Middle of Nowhere (feat. Becky G),++,=,=,=,--,--,=,--,++,-,-,=,48.23751330952883,16.959798355398476
Buddy Knox,Maybelline,--,=,=,=,--,=,=,+,+,++,=,=,-22.271578176048358,-3.191273039735203
Joy Division,She's Lost Control,--,=,=,=,--,=,++,=,++,=,=,=,-32.98393716892325,5.469808982312647
The Steel Woods,Better in the Fall,=,=,=,=,--,=,=,-,=,=,--,=,11.798552853500677,-2.4447118183151955
King Diamond,Lucy Forever,--,=,=,=,--,--,=,--,++,+,-,=,-17.44190224693157,3.192388706000718
John Fogerty,Someday Never Comes,=,=,=,=,--,=,-,--,--,=,-,=,-6.529607552426585,20.089268959932404
a-ha,Cry Wolf - Demo,-,=,=,=,--,--,+,+,++,=,=,=,-17.093721285046524,6.768784652939317
Matt Nathanson,Surrender,--,=,-,=,--,=,=,++,--,=,-,=,-15.137752294230378,2.6155284004147528
Hilltop Hoods,Chase That Feeling - Remix Instrumental,-,=,=,=,--,=,=,--,++,++,=,=,8.037549611268146,-13.550900848227872
The Byrds,All I Have Are Memories - Alternate Instrumental - Take 21,=,-,-,=,--,=,=,=,--,=,=,=,2.7930454723979317,20.266521616767086
Ñejo & Dalmata,Algo Musical,--,=,=,=,--,=,+,=,--,+,-,=,3.4454857046018965,-23.983692995813772
Mary Mary,Somebody,--,=,=,=,--,=,=,--,++,+,=,=,10.292706662432682,-28.233187838276987
Joy Division,She's Lost Control - 2010 Remaster,=,=,=,=,--,=,++,=,++,=,=,=,-12.236977759181796,31.132171602618538
Joy Division,She's Lost Control,--,=,=,=,--,=,++,=,++,=,=,=,-30.469844525799985,8.580952136579374
Poppy Ajudha,David's Song - Tom Misch Remix,--,=,-,+,--,=,=,++,++,=,-,+,-39.669133592701314,19.8776205217824
Montgomery Gentry,All I Know About Mexico,=,=,=,=,--,=,=,--,--,++,-,=,-9.28410180968715,12.027733786179672
Kodak Black,Benji's,=,=,-,=,--,=,=,--,--,=,--,=,-4.42745256154278,22.247784614284793
XTC,I'm Bugged - 2001 Remaster,-,=,=,=,--,=,=,-,--,++,-,=,-11.127518396144243,5.802457440820386
Juicy J,Lit (feat. Young Dolph & 21 Savage),-,=,=,=,--,=,++,--,--,=,=,=,-6.327718187281048,7.06460653243931
Glee Cast,Billionaire (Glee Cast Version),++,=,=,=,--,--,++,++,--,=,=,=,42.389433323418494,11.400220463469275
Material Issue,What Girls Want,--,=,=,=,--,=,=,-,--,++,=,=,-24.542710796921646,-1.3547950886961337
Toby Keith,Haven't Had a Drink All Day,=,=,=,=,--,=,=,++,--,-,=,=,15.69000711272937,0.8374213493260099
Aretha Franklin,Freeway of Love - Extended Remix,--,=,=,=,--,--,+,++,--,=,=,=,-15.108398798632733,2.590856843695172
Darius Rucker,One More Night,=,=,-,=,--,=,+,--,--,-,-,=,0.05759252664147847,7.047945120874001
