,artist,song_name,popularity,danceability,energy,key,loudness,speechiness,acousticness,instrumentalness,liveness,valence,tempo,pca1,pca2
0,Guns N' Roses,Welcome To The Jungle,=,=,=,=,=,=,=,=,=,=,=,-16.559917079557444,57.87081702959444
1,Iced Earth,Im-Ho-Tep,-,+,+,=,-,+,-,+,-,-,+,-6.384823734057005,6.76739443397736
2,L.A. Guns,I'll Be There,-,+,+,=,-,-,-,+,-,-,+,3.3978943102784243,-13.392485800372675
3,Kix,"Blow My Fuse - Demo Version, 9/5/86",-,+,+,=,-,+,+,+,-,+,+,1.9819298720513678,-13.770099286568732
4,The Damned,Dr Jekyll and Mr Hyde,-,+,+,+,-,-,-,-,+,+,+,9.492039100231443,11.000303949806028
5,David Bowie,What's Really Happening?,-,+,+,+,-,-,-,+,+,+,+,-15.530121775236308,-10.160243030385105
6,Sister Machine Gun,Torque,-,+,+,+,-,+,-,+,+,+,+,-9.910286679355504,-19.01101794501984
7,Marc Vision,Time Gate - Update,-,+,+,+,-,+,+,+,-,+,+,12.586800997319724,1.4765037773566687
8,The Human League,All I Ever Wanted - The Vanity Case Instrumental Mix,-,+,+,+,-,-,-,+,-,+,+,16.36142393970772,-8.901618665767868
9,Jean-Michel Jarre,"The Heart of Noise, Pt. 2",-,+,+,=,-,-,-,+,+,-,+,-3.153272521001167,-5.82531488479807
10,Billy Idol,Don't Need A Gun - Single Edit / Remastered,-,+,+,+,-,-,+,-,+,+,+,12.22312761340262,11.728259138985607
11,Dead Kennedys,Too Drunk to Fuck - Live at Alabama Halle,-,-,+,+,-,+,-,+,+,+,+,17.618693025882635,-4.427581845545464
12,The Cult,Go West,-,+,+,+,-,+,-,-,+,+,+,9.934936642842988,10.083311630244582
13,Moon Logic Project,Last Sunset,-,+,+,+,-,-,-,+,-,+,+,17.387459091239695,-12.768414343281972
14,Ministry,Breathe - Live,-,+,+,=,-,+,-,+,+,-,+,1.0421109694013717,-3.671243641292328
15,The Who,Do You Think It’s Alright? - Live,-,+,+,+,-,+,+,-,+,+,+,18.463093051456497,-12.481090610633853
16,(Hed) P.E.,Serpent Boy,-,+,+,+,-,+,-,-,-,+,+,-30.508591459914978,-10.012922450269375
17,Nickel Creek,Ode to a Butterfly,-,+,+,+,-,-,+,+,+,+,+,17.93423118555617,-11.587828647712575
18,White Lies,Black Song,-,-,+,=,-,-,-,+,-,+,+,-0.7169145269438701,12.41832457260821
19,The Human League,All I Ever Wanted - The Das Kompressor Vanity Case Mix,-,+,+,+,-,-,-,-,-,+,+,15.831663843294796,-6.972943290422332
20,Whipping Boy,When We Were Young,-,+,+,+,-,-,-,+,-,+,+,-11.723889385318222,-9.14453470187203
21,Stan Bush,The Touch (Power Mix),-,+,+,+,-,+,+,-,-,+,+,-14.89342320735007,-0.6749835852978913
22,Buzzcocks,A Different Kind Of Tension,-,+,+,+,-,+,-,-,-,+,+,14.258178384681193,-4.287698272545106
23,Silverchair,Madman - Vocal Mix,-,+,+,+,-,+,-,+,+,+,+,13.370575144641537,-7.629249611462152
24,Pavement,"Fame Throwa (Live Brixton Academy, London, December 14, 1992)",-,+,+,+,-,+,-,-,-,+,+,-16.476505538512257,-13.516806706335023
25,Miguel Migs,Life feat. Half Pint,-,+,+,=,-,+,-,-,-,+,+,2.5083436386779185,-11.560015090269506
26,Otik,Four Feet,-,+,+,=,-,+,+,-,-,-,+,-5.0938585665565395,24.70540702996993
27,John Lennon,Attica State - Remastered 2010,-,+,+,+,-,-,+,-,+,+,+,10.10659607738089,10.12902761097555
28,Slayer,Sex. Murder. Art.,-,+,+,+,-,+,-,-,-,-,+,-18.65711962780959,4.5309832742553855
29,Alice Cooper,Lost in America,-,+,+,+,-,+,+,-,-,+,+,8.257534682539648,18.95115258281733
30,Crystal Castles,Enth,-,+,+,=,-,+,-,-,-,-,+,-4.061691556283126,24.9813959631472
31,Papadosio,"Anima Mundi - Live at the National, Richmond, VA, 4/14/19",-,+,+,+,-,+,+,+,+,+,+,18.59029286641038,-9.342753558390218
32,Marshall Crenshaw,Face Of Fashion,-,+,+,+,-,-,+,-,+,+,+,-10.052306132943453,-18.013444934629558
33,Twisted Sister,"Sin After Sin - Live at the Marquee, London, UK, 3/5/1983",-,+,+,+,-,+,-,-,+,-,+,-11.644500796309538,-15.332905683864071
34,New York Dolls,You Can't Put Your Arms Around a Memory - Live,-,+,+,+,-,+,-,-,+,+,+,-12.74609856079234,-9.417583608132604
35,Killing Joke,Sun Goes Down - 2005 Digital Remaster,-,+,+,+,-,+,-,-,+,+,+,16.58798062419756,-8.841391815824766
36,T. Rex,20th Century Boy (Master Version with False Start),-,+,+,+,-,-,+,-,+,+,+,7.287227420337559,18.691762983773565
37,Tangerine Dream,Logos 2014,-,+,+,=,-,-,+,-,-,+,+,-0.4982393909501729,-4.081605346681865
38,Carmine Appice,My Own Advice,-,+,+,=,-,+,-,+,+,+,+,6.333496370482553,-14.679610728983468
39,Danger Danger,Six Million Dollar Man,-,+,+,+,-,+,-,-,+,+,+,-15.954799679451146,-15.447538935759436
40,Dio,Give Her the Gun - 2016 Remaster,-,+,+,=,-,-,+,-,-,+,+,2.4711136511277823,-15.70955846849409
41,Dizgo,Cool Blue Mellow,-,+,+,+,-,-,+,+,+,-,+,-12.81132604130591,-12.539349729211724
42,The Fixx,In Suspense - Live,-,+,+,=,-,-,+,-,+,+,+,-1.1725048182734563,-11.506286591640114
43,Cinderella,Bad Seamstress Blues / Fallin' Apart At The Seams,-,+,+,+,-,-,-,-,-,+,+,-11.12213958811298,-8.984387395701425
44,Dio,Stay Out Of My Mind,-,+,+,=,-,-,-,-,+,-,+,1.8451483586643425,-0.352315416182706
45,Bruce Dickinson,I Will Not Accept the Truth,-,+,+,+,-,-,-,-,-,+,+,13.163959085963414,0.5956379648764742
46,blink-182,The Country Song - Live/1999,-,+,+,+,-,-,-,-,+,-,+,-20.83405777633,12.230074275812399
47,The Cure,Bloodflowers,-,+,+,+,-,-,-,-,-,+,+,-35.767858629971144,-1.0657253803252693
48,Refused,Refused Are Fucking Dead,-,+,+,+,-,+,-,+,+,+,+,-20.60577748611196,10.220815237315186
49,One Day Hero,Momentuum (MOGUAI Remix) - AFTR:HRS Mixcut,-,+,+,=,-,+,+,-,-,-,+,-5.050963475945142,12.298407866524908
50,Faith No More,Take This Bottle - 2016 Remaster,-,+,+,+,-,-,+,-,+,+,+,-19.87067407495296,12.486794424699731
51,Alexisonfire,A Dagger Through the Heart of St. Angeles,-,+,+,+,-,+,-,+,-,+,+,-29.838147318747627,2.5846432918674513
52,Genesis,Dance on a Volcano - 2007 Remaster,-,+,+,=,-,+,-,-,+,+,+,-2.7976230436764165,2.548544175707727
53,Sham 69,Information Libertaire,-,+,+,+,-,-,-,-,+,+,+,19.41989251696203,-11.191321561948085
54,Kreator,Karmic Wheel - 2018 - Remaster,-,+,+,+,-,+,-,-,+,-,+,-17.712446200121196,-7.636524544439637
55,The Kills,Hard Habit To Break,-,+,+,+,-,+,+,+,-,+,+,8.623697499012554,20.08332474625961
56,Jam On Zed,Into The Woods - Original Mix,-,+,+,+,-,-,-,+,-,+,+,13.950021246099908,-7.475178215508053
57,Damir Kolakovic,Fairy Tale Forest,-,+,-,=,-,-,+,-,+,+,+,0.05039474738259365,-17.389711558699023
58,a-ha,I Call Your Name - Live on NRK,-,+,+,+,-,-,-,-,-,+,+,-16.54703606668085,-9.395421998836243
59,Black Sabbath,Back Street Kids - 2013 Remaster,-,+,+,+,-,+,+,-,+,+,+,8.028306627314082,14.750007639440527
60,Dancing DJs,Amazed - KB Project Remix,-,+,=,+,-,+,-,-,-,+,+,23.890270248058773,-9.998745638348481
61,Tiësto,Just Be - Radio Edit,-,+,+,+,-,-,-,-,-,-,+,4.444683149221007,24.14373734129711
62,Ball Park Music,Nihilist Party Anthem,-,+,+,+,-,-,-,-,-,+,+,-14.568198947787119,-14.042738123907238
63,Generationals,Beggars in the House of Plenty,-,+,+,+,-,-,-,-,+,+,+,-12.260392532869098,-3.078357366107153
64,White Zombie,"Electric Head, Pt. 2 - Sexational After Dark Mix (Edited)",-,+,+,=,-,+,-,+,+,+,+,-1.3986494609586622,-12.602565698699848
65,Bruce Dickinson,Laughing In the Hiding Bush - Live At The Marquee,-,-,+,+,-,+,-,-,+,+,+,-12.285641310701758,-12.399745709345742
66,James Fortune,God Can,-,+,+,+,-,-,+,-,+,+,+,-29.276851982136492,-24.173750950949383
67,Slowdive,Slomo,+,-,+,+,-,-,+,-,-,+,+,-25.81353555244035,31.601068377737256
68,a-ha,Touchy!,-,+,+,+,-,+,+,-,+,+,+,-16.213174539613835,-11.376565362079095
69,David Lee Roth,Big Train - 2007 Remaster,-,+,+,+,-,-,-,-,+,+,+,-18.242179108823073,-1.5682124086193205
70,Faith No More,R N' R,-,+,+,+,-,+,+,-,-,+,+,15.249376456590392,-11.26756824573381
71,Umphrey's McGee,Out of Order,-,+,+,+,-,-,+,-,+,+,+,-16.80456012670107,-7.39444630409052
72,Limp Bizkit,Nobody Like You,-,+,+,+,-,-,-,-,-,+,+,-28.89078712233468,-5.441628297754582
73,Trey Songz,What's Best for You,-,+,+,+,-,+,-,-,-,+,+,-31.941768569389435,-15.569576523552511
74,Passion Pit,The Reeling - Shuttle Remix,-,+,+,=,-,+,-,+,-,-,+,5.887015793110083,-8.589021505394207
75,Black Sabbath,Turn to Stone - 2004 Remaster,-,+,+,=,-,+,-,-,-,+,+,-2.1744750966092834,0.645048911323513
76,Danzig,Black Laden Crown,-,+,+,+,-,-,-,-,-,+,+,13.110444122521645,10.930777049386634
77,Phil Collins,Survivors - 2015 Remastered,-,+,+,=,-,-,+,-,-,+,+,-1.6299080823735648,7.000699767473068
78,Phil Collins,Survivors - 2015 Remaster,-,+,+,=,-,-,+,-,-,+,+,-0.8571084428888465,4.101951898980468
79,Skid Row,Rattlesnake Shake - 2016 Remaster,-,+,+,+,-,-,-,-,-,+,+,14.112565434645141,11.197227511700047
80,James Fortune,God Can featuring Micah Stampley,-,+,+,+,-,-,+,-,+,+,+,-30.613707330605596,-19.355694760283576
81,Accept,Sodom & Gomorra,-,-,+,+,-,+,-,+,+,+,+,50.028969242195764,13.52772109318348
82,Coldplay,Champion Of The World,-,+,-,+,-,-,-,-,-,-,+,-19.357373800726197,11.588850301681024
83,Frightened Rabbit,Woke Up Hurting,-,+,+,+,-,-,-,-,-,+,+,-16.106416420261763,11.420783773989411
84,Honeymoon Suite,Piano Solo,-,+,+,+,-,-,+,-,+,+,+,-25.372863494723866,-14.853265266444721
85,Iced Earth,A Gift or a Curse?,-,+,+,=,-,-,+,-,+,+,+,1.0564212157348785,1.5072751433075524
86,VÉRITÉ,Nothing - LCAW Remix,-,+,+,=,-,+,+,-,+,+,+,-1.9870870367537063,-2.40904202146436
87,Slightly Stoopid,Zero Tolerance,-,+,+,+,-,+,-,-,+,+,+,16.118632162114825,0.3477340576518273
88,The Cramps,Get off the Road,-,+,+,+,-,-,+,-,-,+,+,14.049324853942048,3.9361589454494696
89,Kings Of Tomorrow,Civil Unrest,-,+,+,=,-,-,+,-,-,-,+,3.729102928382821,-12.268813319221437
90,The Space Brothers,Forgiven (I Feel Your Love) - Radio Edit,-,+,+,+,-,-,-,-,-,+,+,11.300430567757672,-1.971636785869429
91,Hilary Weeks,That's Who I Am,-,+,+,+,-,-,+,-,-,+,+,-16.681276427542077,-2.1868696410346335
92,Alice Cooper,Time To Kill,-,+,+,+,-,+,+,-,+,+,+,11.795019808431652,-12.189060480161132
93,Foghat,Fool for the City,-,+,+,+,-,+,+,-,-,+,+,19.215429280348275,-12.280389984619438
94,Guns N' Roses,Don't Cry - Alternate Lyrics,+,+,-,=,-,-,-,-,-,+,+,-8.780252352489276,33.03752337434448
95,James,Shooting My Mouth Off,-,-,+,+,-,-,+,-,-,-,+,-9.369123605338933,-12.656508841720662
96,Prince,"Computer Blue - Live in Syracuse, NY, 3/30/85",-,+,+,+,-,+,+,+,+,+,+,8.929239605729876,10.849767017381723
97,Punishment Of Luxury,Secrets,-,+,+,+,-,+,+,-,+,+,+,16.93805128297996,-12.887696406201634
98,Savage Garden,TO THE MOON & BACK - Hani's NUM Radio Edit,-,+,+,=,-,-,-,-,+,+,+,2.2229680840608532,4.922777886919555
99,Ratt,Scratch That Itch,-,+,+,+,-,-,-,+,-,+,+,10.53972960642348,9.210206808463186
100,Thin Lizzy,Angel From The Coast,-,+,+,+,-,+,+,+,+,+,+,10.030912722785565,17.35397889262044
101,The String Cheese Incident,Beautiful (Live),-,+,+,+,-,+,+,-,+,+,+,50.06896176589826,1.1187652131399883
102,Wright & Davids feat. Steve Owner,Broken - Dub Mix,-,+,+,+,-,-,-,+,-,+,+,22.24042395058898,-11.473895896392774
103,The Kinks,Bernadette,-,+,+,+,-,+,+,-,+,+,+,21.822000184760306,-2.271117875343963
104,The Cure,Lovesong-09/88) - Band Demo Instrumental - 09/88,-,+,+,+,-,-,+,+,-,+,+,12.507452751602735,9.734292155482263
105,Low Road,Scars Worn Well,-,+,+,+,-,+,-,-,-,-,+,-27.66268847502208,-24.778091787821126
106,Alice In Chains,Again - Trip Hop Mix,-,+,-,=,-,-,-,-,-,+,+,-1.7836052691702162,0.7501465546185946
107,Cody Jinks,Curse the Sky,-,+,+,+,-,+,+,-,+,+,+,-20.19318225504068,19.644818168258634
108,Pantera,A New Level,+,+,+,+,-,+,-,-,-,+,+,1.8715098710479268,40.01712806908006
109,The Cult,Gimmick (Lyceum Live),-,+,+,+,-,+,-,-,+,+,+,20.18914360357769,-1.6719539711134928
110,Metallica,"For Whom The Bell Tolls (Live at the Aragon Ballroom, Chicago, IL - May 25th, 1986)",-,-,+,+,-,+,+,-,+,+,+,13.495174680031221,14.137027481739802
111,Myke Towers,No Sabe Nada,-,+,+,+,-,+,-,-,-,-,+,-19.544651640086236,15.6787283034191
112,Soft Cell,On an Up,-,+,+,=,-,-,+,-,-,+,+,7.797807733294895,-8.07967325147774
113,Soundgarden,Mind Riot,-,+,+,+,-,-,-,+,-,+,+,-31.350150962181907,6.321736293080988
114,Wire,As We Go,-,+,-,+,-,-,-,+,+,+,+,19.03978981802055,-7.153048072073498
115,Madagascar,Rainbow,-,+,+,+,-,-,-,-,+,+,+,-10.700512835788468,-9.906841133591147
116,Lil Yachty,Bring It Back,-,+,+,+,-,+,+,-,-,+,+,-34.81728454447501,11.607028229013855
117,The Vibrators,Pure Mania - Ao Vivo,-,-,+,+,-,+,-,+,+,+,+,48.82577543986202,-3.351805176656505
118,Phish,Have Mercy,-,+,-,+,-,-,+,-,-,+,+,14.533256195195985,1.9955745656067456
119,Britny Fox,Dream On,-,+,+,+,-,-,-,-,+,-,+,-24.266557606127154,-18.69835955956195
120,New Order,Sister Ray,-,+,+,+,-,+,-,+,+,+,+,20.739698963882805,2.6140125504094525
121,Steve Aoki,Are You Lonely,+,+,+,+,-,-,+,-,-,-,+,-45.607875355814244,36.67299834254207
122,MC5,Come Together - Live,-,-,+,+,-,+,-,+,-,-,+,19.739145665178025,-12.14075549345172
123,Ronan Keating,Friends In Time,-,+,+,+,-,-,-,-,+,+,+,-15.368884924870056,-7.011745853493537
124,FosseyTango,War Torn Streets (feat. Glen Matlock),-,+,+,+,-,+,+,-,-,+,+,-15.495736526087912,-21.53478577675438
125,Queen,"Son And Daughter - BBC Session / December 3rd 1973, Langham 1 Studio",-,+,+,+,-,+,+,-,-,+,+,14.310447729257064,6.075364336542795
126,Primus,Coddingtown,-,+,+,+,-,+,+,-,+,+,+,9.097475004296243,10.89511000740721
127,Placebo,Bionic,-,+,+,=,-,-,-,+,-,+,+,-6.839651196055393,24.23970226569594
128,Suduaya,Kundalini,-,+,+,+,-,-,-,+,+,=,+,13.526423646003868,-13.797847472053741
129,Papa Roach,Before I Die,-,+,+,+,-,-,-,-,-,+,+,8.030446095261624,30.27456216425598
130,Angus & Julia Stone,A Heartbreak,-,+,-,=,-,-,+,-,-,+,+,-3.7705963092995716,4.3599290758469165
131,Hindu Love Gods,Mannish Boy,-,+,+,+,-,-,+,-,-,+,+,21.419888622160894,-11.692451522986488
132,White Lion,Lights and Thunder,-,+,+,+,-,+,-,-,-,+,+,16.530889185796543,-9.890738628936267
133,DJ Ton T.B.,Electronic Malfunction,-,+,+,+,-,-,-,+,-,+,+,15.08642074233126,-4.066938279576231
134,Nona,The Sweetest Taboo - Vocal Mix,-,+,+,=,-,+,+,-,-,+,+,6.978992388696146,-15.542415041483736
135,Neil Diamond,Brother Love's Traveling Salvation Show - Live At Delta Center / 1993,-,-,+,+,-,+,+,-,+,+,+,16.586708179785326,-1.5976355299875127
136,MJX,Suavemente,-,+,+,=,-,+,-,-,-,+,+,6.49658661554874,-11.531600661174108
137,Mark Guiliana,GIRL,-,+,+,+,-,-,-,+,-,+,+,25.33755586089368,12.120123312006
138,William Murphy,Free In Deed,-,+,-,+,-,-,+,-,-,-,+,-15.147927680134156,-15.231965514204937
139,VaShawn Mitchell,"Turning Around ""Siyakudumisa"" - Live",-,+,+,=,-,+,+,-,-,-,+,-1.2078946740201113,-2.2011811077585985
140,Cassius,Go Up,-,+,+,=,-,+,+,-,-,+,+,-3.9490862070562347,16.731989330469045
141,Azealia Banks,Out of Space,-,+,+,+,-,+,+,-,-,+,+,11.789844223989995,19.893335294087144
142,Twenty One Pilots,Pet Cheetah,+,+,+,+,-,+,+,-,+,+,+,-25.463461754902383,38.93862119200664
143,Stone Temple Pilots,Naked Sunday - Demo,-,-,+,=,-,+,-,+,-,+,+,-0.257027387979488,9.436208371174779
144,Despair,Andy Warhol,-,+,+,+,-,+,+,-,-,+,+,20.818465034481317,-11.852211539754117
145,Silverchair,Slab - Nicklaunoise Mix,-,+,+,+,-,+,-,-,-,+,+,19.46810839206661,-4.968373216159503
146,Charles Murdoch,Straws,-,+,+,=,-,-,+,+,-,-,+,2.8142999047109325,-16.652747523157174
147,From P-60,Magic - Jarred Gallo Remix (Mixed),-,+,+,=,-,+,+,-,-,+,+,3.1388909374321043,-13.461123978637914
148,Michael McDonald,Ain't No Good,-,+,+,+,-,-,-,-,-,+,+,13.45936360280725,3.7788818732756866
149,Bulletboys,For the Love of Money - Re-Recorded,-,+,+,+,-,-,+,-,-,+,+,-24.036267409125234,-19.671461264031752
150,Brooks & Dunn,The Trouble with Angels,-,+,+,+,-,-,+,-,-,+,+,-18.603506617886932,-6.838752363410657
151,Placebo,Broken Promise,-,+,+,+,-,+,-,-,-,-,+,-12.542272953582618,-14.537723086789523
152,Muddy Waters,Got My Mojo Working - Live,-,+,+,+,-,+,+,-,+,+,+,10.649187631154186,18.55266890136948
153,Ultravox,Astradyne,-,+,+,+,-,-,-,+,-,+,+,6.770691706587028,5.10056119090665
154,Travis,Afterglow,-,-,-,+,-,-,+,-,+,-,+,-18.967051028353378,9.622635567782329
155,Danzig,Soul On Fire,-,+,-,+,-,+,-,-,+,-,+,10.066442684478606,28.74767110477515
156,Zoogma,Jaguar (Live) [feat. Michal Menert & Jubee],-,+,+,+,-,-,-,-,-,+,+,18.301541461335873,-8.38356020371194
157,Christopher Lennertz,"Penis Shaped Food (feat. Stefan Lessard, Money Mark & Matt Chamberlain)",-,+,+,+,-,+,-,+,-,+,+,29.891244029082646,-9.435016296773265
158,John McLaughlin,The Dance of Maya,-,-,+,+,-,-,+,+,+,+,+,14.843356163393281,-4.132393716060346
159,Whitesnake,Cheap an' Nasty,-,+,+,+,-,+,+,-,+,+,+,15.321477920355525,-5.039201481327841
160,Zac Brown Band,Day for the Dead,-,+,-,=,-,-,+,-,-,+,+,-3.3984226234116504,13.773636827909398
161,The Orkids,Lack of Faith,-,+,+,=,-,+,-,-,+,+,+,-0.06638197707860222,-17.421273461540654
162,DAF,Bild 3,-,-,+,+,-,+,+,+,+,+,+,24.84394678633764,-10.78054104967727
163,Sepultura,Stronger Than Hate - 2020 Remaster,-,-,+,+,-,+,-,-,-,+,+,-27.981943464125084,-4.164498628824901
164,Stan Bush,The Story of Love,-,+,-,-,+,-,+,-,-,-,-,-42.26135271325695,-23.495506802009643
165,Radiohead,Where I End and You Begin,-,+,+,=,-,-,+,+,-,+,+,-11.404038263440105,30.267061458873602
166,The Go-Go's,This Old Feeling,-,+,+,+,-,+,-,-,-,+,+,13.883033873900539,9.066076377799446
167,Bo Diddley,Bite You,-,+,+,+,-,+,-,-,+,+,+,-12.747418850358311,-4.24298092047322
168,Interpol,Leif Erikson,-,+,+,+,-,-,+,+,-,+,+,-22.0232811670984,20.192355537450247
169,Machine Head,Only the Names,-,+,-,+,-,-,+,-,-,-,+,-32.32081324243234,-2.216908368180143
170,Sia,Under the Milky Way,-,+,-,+,-,-,+,-,-,+,+,19.952451109419403,-11.048496985909445
171,Graham Parker,Ordinary Girl,-,+,+,+,-,-,+,-,+,+,+,20.06869260022649,-8.948052784885279
172,Prince,"Baby I'm a Star - Live in Syracuse, NY, 3/30/85",-,+,+,+,-,+,+,+,+,+,+,10.666023186611024,11.31261408275192
173,The Kinks,When a Solution Comes,-,+,+,+,-,-,+,-,-,+,+,19.335262516921947,-5.003278839499968
174,The Doobie Brothers,Without You,-,+,+,+,-,-,+,-,+,+,+,3.711060236042809,17.738617648426796
175,The Vandals,Bad Birthday Bash,-,-,+,+,-,+,+,-,-,+,+,-10.801308612049757,-7.86387308229644
176,Baton Rouge,Slave to the Rhythm,-,+,+,=,-,+,-,-,+,+,+,3.7431102788080373,-16.40576460520759
177,Eagles,Chug All Night - 2013 Remaster,-,+,+,+,-,+,+,-,-,+,+,6.2462222328664625,30.83372764322428
178,Ramones,No Go - Demo,-,+,+,+,-,+,-,+,-,+,+,-12.956377072535387,-15.683223287555156
179,The New Deal,Venetian Red Jam - Live,-,+,+,+,-,-,+,+,-,+,+,15.679094408854656,-5.97886717534605
180,Pete Molinari,Hang My Head in Shame,-,+,+,+,-,-,-,-,-,+,+,-35.45383804079616,-4.0866534972179664
181,Matthew Sweet,End Is Near,-,+,-,+,-,-,+,-,-,+,+,18.612637300154415,-9.336086682658523
182,The Kooks,Backstabber - XKH Remix,-,+,+,+,-,-,+,+,+,+,+,17.019517200034375,7.832537908441375
183,King Diamond,LOA House,-,+,+,+,-,+,-,-,+,+,+,-32.019916387617364,-14.555692080663087
184,Ratt,Back for More,-,+,+,=,-,-,-,-,-,+,+,-11.263629602847667,28.235907717414566
185,The Naked And Famous,Hearts Like Ours,-,+,+,+,-,-,-,-,-,-,+,-30.690410900576776,-23.515731375213427
186,The Cure,Delirious Night - Delirious Night (Rough Mix Vocal - 12/88),-,+,+,+,-,+,-,-,+,+,+,12.227939718984862,6.555898671600051
187,Manila Killa,1993,-,+,+,+,-,-,-,+,-,-,+,-14.386698720455204,-2.6099285456177195
188,Shuggie Otis,Give Me A Chance,-,-,+,=,-,-,-,-,+,+,+,2.9617027156691025,-5.229883034680972
189,Grouplove,Itchin' on a Photograph,+,+,+,+,-,-,+,-,+,+,+,-36.07002811867131,27.83167808799059
190,"Emerson, Lake & Palmer",L.A. Nights - 2017 Remastered Version,-,-,+,+,-,+,+,+,+,+,+,22.11544666183716,0.9112686422033036
191,Sepultura,Isolation,-,-,+,+,-,+,-,-,-,-,+,-20.84274409541386,20.50687423025906
192,Divine Styler,Grey Matter,-,+,+,+,-,-,+,-,-,+,+,-7.545387007334587,-19.41439978939877
193,Jimmy Eat World,half heart,-,+,+,+,-,-,+,-,+,-,+,-14.320801453015207,8.792076496306018
194,Slightly Stoopid,Fuck the Police,-,-,+,+,-,+,+,+,-,-,+,21.86326062857509,4.984850790868763
195,Maze Runner,Broken Dream - Philipp Riemer Remix,-,+,+,+,-,-,-,+,-,-,+,12.535725779819694,-14.061704802431569
196,Cursive,Nonsense,-,+,+,+,-,+,+,-,-,+,+,-17.23161572663989,-18.892205682237535
197,Digitalism,Panavision,-,+,+,=,-,-,+,+,-,-,+,3.7392792661989356,3.2575004177787674
198,Raven Maize,Forever Together - Grant Nelson Remix Edit,-,+,+,=,-,-,+,+,-,+,+,3.5839071804039775,-4.028844216081249
199,Trisha Yearwood,Every Girl in This Town,-,+,+,+,-,-,+,-,-,+,+,-17.154955879573166,15.280892534214832
200,Diddy,Lelaki Paling Bahagia,-,+,+,+,-,-,+,-,+,+,+,-10.286835821159231,-18.07612101329598
201,Rush,Cygnus X-1 - Rio Live,-,-,+,=,-,-,-,+,+,-,+,0.7234246082890979,0.3824295335207741
202,Rasmus Faber,Everything Is Alright (feat. Linda Sundblad),-,+,+,=,-,-,+,-,-,+,+,-1.6153723785069587,-11.624731933135878
203,Queen,"Keep Yourself Alive - BBC Session / July 25th 1973, Langham 1 Studio",-,+,+,+,-,+,+,-,-,+,+,9.883596199505961,8.000410936220216
204,Justin Bieber,Drummer Boy,-,+,+,=,-,+,+,-,-,+,+,-9.519825633728045,29.735830248847847
205,RBL Posse,Flyin High (feat. Moe Tha Hustla),-,+,-,+,-,+,-,-,+,+,+,-12.187567473849859,-16.513098328555163
206,Herman's Hermits,Can't You Hear My Heartbeat (Live),-,+,+,+,-,+,+,-,+,+,+,15.738031332952547,-5.963202307274775
207,The Style Council,Speak Like A Child - Live At The Tokyo Nakano Sun Plaza Hall / 1984,-,+,+,+,-,+,+,-,+,+,+,11.978782130583623,-0.7564652640729531
208,Migos,U Dont Know,-,+,-,+,-,+,-,-,+,+,+,15.960246499353259,0.3057149331911682
209,Nonpoint,Hive,-,-,+,=,-,+,-,-,+,+,+,2.69538106978381,-16.68573818239673
210,Real Estate,Primitive,-,+,+,+,-,-,+,+,-,+,+,2.2677391728091623,23.563394081091836
211,Colter Wall,Johnny Boy's Bones,+,+,-,+,-,+,+,-,-,+,+,-24.44389299462635,35.070992749382434
212,Ministry,Watch Yourself,-,+,+,+,-,+,-,-,+,-,+,-26.45596243551746,-16.17670261255485
213,Robin Trower,"The Shout - Live in Missouri, 1980",-,-,+,+,-,-,+,-,+,+,+,27.69774067135882,-6.914555122500343
214,The Cramps,The Natives Are Restless,-,+,+,+,-,-,+,-,+,+,+,21.295018136251027,11.042293795571275
215,Ryan Bingham,Lover Girl,-,+,+,+,-,-,+,-,+,+,+,-20.710192997253642,17.43765113224397
216,Dramarama,Private World,-,+,+,+,-,-,+,-,+,+,+,14.669130521538833,-10.388078313151295
217,Queen,"Keep Yourself Alive - BBC Session / February 5th 1973, Langham 1 Studio",-,+,+,+,-,+,+,-,-,+,+,7.723302340664592,11.563955008985483
218,King Kurt,Ghost Riders in the Sky,-,+,+,+,-,+,+,-,+,-,+,15.44889477791897,-10.180890586032803
219,C Project,Judgement - Radio Edit,-,-,+,+,-,+,-,+,-,-,+,21.335574997109205,-0.33090538492149957
220,The Marvelettes,When You're Young And In Love - Alternate Mix With Spoken Intro,-,+,+,=,-,-,+,-,+,+,+,-1.9383911069074908,-16.88529277109012
221,The Exploited,Don't Pay the Poll Tax,-,-,+,+,-,+,-,+,+,+,+,43.58677186245525,11.809390151042411
222,Donna Summer,Looking Up - Figo Sound Version,-,+,+,=,-,-,-,-,+,+,+,-1.7333642611493083,-3.376076977568649
223,∆RTHUR,Destroy All Humans!,-,+,+,+,-,+,-,-,+,-,+,-16.652606558270033,-21.843369204020977
224,Twenty One Pilots,Levitate,+,+,+,+,-,+,+,-,-,+,+,-42.7979175454957,37.422026483583274
225,Incubus,Summer Romance (Anti-Gravity Love Song),+,+,+,+,-,-,-,-,-,+,+,-22.83629681877945,29.290009164864237
226,Paul Young,Everything Must Change,-,+,+,+,-,-,+,-,+,+,+,27.357478450969126,16.798262155016587
227,Les McCann,What's Going On,-,+,+,+,-,+,+,-,-,+,+,33.81340570195663,-8.388156055408546
228,Martin Garrix,There For You - Lione Remix,-,+,+,+,-,-,-,-,-,+,+,-30.37638763426008,2.441322672586067
229,Nirvana,Aero Zeppelin,-,-,+,=,-,+,-,+,-,-,+,-14.7964507478404,23.153856332995833
230,David Allan Coe,"Soul Shine - Live at Billy Bob's Texas, Forth Worth, TX",-,+,+,+,-,-,-,-,+,+,+,12.822370911824757,3.6091288068069893
231,Erica Nicole,I'm Making Mine,-,+,+,+,-,-,+,-,+,+,+,-25.644314588346553,-23.205173235710003
232,King Crimson,The ConstruKction of Light (Live in Chicago 28 June 2017),-,+,+,+,-,-,+,+,+,+,+,37.00415688967296,-0.29397320717246234
233,Phish,Mike's Song,-,+,+,+,-,-,-,+,+,+,+,-26.608788301886207,-7.939177724805107
234,Sons Of The East,Lost Cause,-,+,+,=,-,-,+,-,-,+,+,-2.874375117690674,20.122591708424014
235,Albert Hammond Jr,Rocket,-,+,+,+,-,-,-,-,-,+,+,-13.015850981625077,-4.314552212107959
236,Carmine Appice,Killing Time,-,+,+,+,-,+,-,-,-,+,+,-5.916744983181123,-17.945141048482323
237,Lakker,A Juggling of Numbers,-,+,+,+,-,+,+,+,+,+,+,11.659813892903717,12.61183456253411
238,Sultans Of Ping F.C.,Where's Me Jumper?,-,+,+,+,-,+,+,-,-,+,+,44.027724787924974,26.418012843725194
239,Reel People,Perfect Sky featuring Joy Rose,-,+,+,+,-,+,+,-,-,-,+,-30.01285752055414,-18.16004893178228
240,Jesper Kyd,Order of the Grey Seers,-,+,+,+,-,+,+,+,+,+,+,45.868450162292255,9.313695281389231
241,George McCrae,Cut the Rug,-,+,+,+,-,+,-,-,+,+,+,8.633802017325849,-8.89221431260062
242,French Montana,Smoke Break Intermission,-,+,-,=,-,+,-,-,-,+,+,4.567646835640785,-16.18515420648255
243,Slow Gherkin,Tap Dancing,-,+,+,+,-,+,-,-,+,+,+,-11.725624279223346,-19.49468245227964
244,Stevie Nicks,Blue Lamp - 2016 Remaster,-,+,-,=,-,-,+,-,-,+,+,-2.518360533592207,16.077911305716082
245,Migos,Packs,-,+,+,+,-,+,-,-,+,+,+,15.981610169576287,0.3115093960209174
246,Sham 69,No Means No,-,+,+,+,-,-,-,-,+,+,+,20.978592312027768,-10.775789533143891
247,New Kids On The Block,Twisted,-,+,-,=,-,-,+,-,-,+,+,0.16853446005690603,-2.86897204647825
248,Reel People,Perfect Sky,-,+,+,+,-,+,+,-,-,-,+,-29.234536084853662,-21.057337036626212
249,Patty Loveless,Jealous Bone,-,+,+,+,-,+,+,-,-,+,+,11.704828283891542,0.20641547750190412
